iter	MultiClass
0	2.123516637
1	1.808212804
2	1.620106982
3	1.486515909
4	1.358949567
